{
 "add_total_row": 0,
 "columns": [],
 "creation": "2024-10-12 01:15:30.720774",
 "disabled": 0,
 "docstatus": 0,
 "doctype": "Report",
 "filters": [],
 "idx": 0,
 "is_standard": "Yes",
 "letterhead": null,
 "modified": "2024-10-12 01:15:30.720774",
 "modified_by": "Administrator",
 "module": "Checkin Report",
 "name": "employees Checkin Lates",
 "owner": "Administrator",
 "prepared_report": 0,
 "ref_doctype": "Employee Checkin",
 "report_name": "employees Checkin Lates",
 "report_type": "Script Report",
 "roles": [],
 "timeout": 0
}